"Role","Question","Answer","Difficulty","Company"
"Backend Engineer","What is the N+1 query problem and how do you solve it?","The N+1 query problem occurs when an application makes N additional database queries to fetch related data for a list of N items, on top of the initial query. This is highly inefficient. It can be solved by using eager loading (e.g., JOINs in SQL or specific ORM features like 'select_related' in Django or 'include' in Rails) to fetch all required data in a single, more complex query.","Medium","Netflix"
"Backend Engineer","Explain the CAP theorem from first principles.","The CAP theorem states that a distributed data store cannot simultaneously provide more than two out of three guarantees: Consistency (every read receives the most recent write or an error), Availability (every request receives a non-error response, without guarantee that it contains the most recent write), and Partition Tolerance (the system continues to operate despite an arbitrary number of messages being dropped or delayed by the network between nodes). Since network partitions are a given in distributed systems, you must choose between consistency and availability.","Hard","Google"
"Backend Engineer","How would you design a URL shortening service like TinyURL?","The core is a key-value store mapping a unique short key to a long URL. When a user provides a long URL, the system generates a unique, short alphanumeric key (e.g., using a base-62 encoding of a counter or a hash function with collision checks). This key-URL pair is stored in a database. When a user accesses the short URL, the service does a lookup on the key, retrieves the long URL, and issues an HTTP 301 redirect.","Medium","Amazon"
"Backend Engineer","What are the differences between REST and GraphQL?","REST (Representational State Transfer) is an architectural style that uses a set of constraints for creating web services, often over HTTP, with predefined endpoints for each resource. GraphQL is a query language for APIs where the client specifies exactly what data it needs, which can prevent over-fetching and under-fetching of data common in REST. REST uses multiple endpoints, while GraphQL typically uses a single endpoint.","Medium","Shopify"
"Backend Engineer","Explain database indexing at a fundamental level. Why does it improve performance?","An index is a data structure (commonly a B-Tree) that improves the speed of data retrieval operations on a database table at the cost of additional writes and storage space. It works like an index in a book; instead of scanning every page (a full table scan), the database can look up the data's location in the index and go directly to it. This reduces the number of disk I/O operations, which are typically the slowest part of a query.","Easy","Stripe"
"Backend Engineer","What is the difference between authentication and authorization?","Authentication is the process of verifying who a user is, typically by checking credentials like a username and password or a token. Authorization is the process of verifying what a specific user has permission to do after they have been successfully authenticated. For example, an admin user is authorized to access administrative dashboards, while a regular user is not.","Easy","Microsoft"
"Backend Engineer","Describe a microservices architecture. What are its pros and cons?","A microservices architecture structures an application as a collection of loosely coupled, independently deployable services. Pros include improved scalability, fault isolation (one service failing doesn't take down the whole app), and technology diversity. Cons include increased operational complexity, challenges with data consistency across services, and the need for robust service discovery and inter-service communication mechanisms.","Medium","Uber"
"Backend Engineer","How can you prevent SQL injection attacks?","The most effective way to prevent SQL injection is to use prepared statements (also known as parameterized queries). This approach separates the SQL code from the user-provided data, ensuring that the input is always treated as data and never as executable code. Other methods include input validation and using Object-Relational Mapping (ORM) libraries that handle this automatically.","Medium","Meta"
"Backend Engineer","What is caching and what are some common caching strategies?","Caching is the process of storing copies of files or data in a temporary storage location (a cache) so that they can be accessed more quickly. Common strategies include cache-aside (application checks the cache first, then the database), read-through (cache retrieves data from the database on a miss), and write-through (data is written to both cache and database simultaneously for consistency).","Medium","Airbnb"
"Backend Engineer","Explain ACID properties in the context of database transactions.","ACID is an acronym for Atomicity, Consistency, Isolation, and Durability. Atomicity ensures that all operations within a transaction are completed successfully or not at all. Consistency guarantees that a transaction brings the database from one valid state to another. Isolation ensures that concurrent transactions do not interfere with each other. Durability guarantees that once a transaction has been committed, it will remain so, even in the event of power loss or system crashes.","Medium","Amazon"
"Backend Engineer","What is the difference between a process and a thread?","A process is an instance of a computer program being executed, with its own memory space. A thread is the smallest unit of execution within a process; multiple threads can exist within a single process and share its memory space (like code and data segments). This shared memory makes inter-thread communication faster than inter-process communication but requires careful synchronization to avoid race conditions.","Easy","Microsoft"
"Backend Engineer","How does OAuth 2.0 work?","OAuth 2.0 is an authorization framework that enables applications to obtain limited access to user accounts on an HTTP service. It involves four roles: Resource Owner (the user), Client (the application), Authorization Server, and Resource Server. The client requests authorization from the user, receives an authorization grant, and exchanges it for an access token from the Authorization Server, which is then used to access protected resources on the Resource Server.","Hard","Google"
"Backend Engineer","What are optimistic and pessimistic locking in databases?","Pessimistic locking assumes that conflicts are likely and locks the data record for the duration of a transaction, preventing other transactions from accessing it until the lock is released. Optimistic locking assumes conflicts are rare; it doesn't lock the data but checks for conflicts (e.g., using a version number) before committing the transaction. If a conflict is detected, the transaction is rolled back.","Hard","Stripe"
"Backend Engineer","Describe how you would design a system to handle millions of concurrent users.","Designing for high concurrency involves several key principles: horizontal scaling (adding more machines), load balancing to distribute traffic, using stateless application servers to simplify scaling, employing caching at multiple levels (CDN, in-memory caches like Redis), and using asynchronous processing with message queues (like RabbitMQ or Kafka) for long-running tasks. The database also needs to be scalable, often through sharding or using a distributed database like Cassandra.","Hard","Netflix"
"Backend Engineer","What is connection pooling and why is it important?","Connection pooling is the practice of creating and maintaining a cache of database connections that can be reused by an application. Establishing a new database connection is a resource-intensive and slow operation. By reusing existing connections from a pool, the application avoids this overhead, leading to significant performance improvements, especially for applications that frequently interact with a database.","Medium","Shopify"
"Backend Engineer","Explain Eventual Consistency.","Eventual consistency is a consistency model used in distributed systems that guarantees that, if no new updates are made to a given data item, all accesses to that item will eventually return the last updated value. It's a key characteristic of many NoSQL databases (like Cassandra and DynamoDB) and prioritizes availability and partition tolerance over immediate consistency. Replicas may be temporarily out of sync.","Medium","Amazon"
"Backend Engineer","What is the purpose of a reverse proxy?","A reverse proxy is a server that sits in front of one or more web servers, intercepting requests from clients. It can provide several benefits, including load balancing traffic among multiple backend servers, caching static content to reduce load, handling SSL termination to offload encryption tasks, and providing an additional layer of security by hiding the identity of the backend servers.","Easy","Uber"
"Backend Engineer","Differentiate between NoSQL and SQL databases.","SQL databases are relational (data stored in tables with predefined schemas) and typically vertically scalable. NoSQL databases are non-relational, have dynamic schemas (or are schema-less), and are typically horizontally scalable. SQL databases are often better for complex queries and transactional applications requiring ACID compliance, while NoSQL databases excel at handling large volumes of unstructured or semi-structured data with high velocity.","Easy","Spotify"
"Backend Engineer","What are WebSockets and how are they different from HTTP?","WebSockets provide a full-duplex communication channel over a single, long-lived TCP connection, allowing for real-time, bidirectional communication between the client and server. HTTP, by contrast, is a request-response protocol where the client must initiate every request. WebSockets are ideal for applications requiring low-latency updates, like chat apps or live sports tickers, as they eliminate the overhead of repeated HTTP handshakes.","Medium","Meta"
"Backend Engineer","Explain database sharding.","Database sharding is a type of horizontal scaling where a large database is partitioned into smaller, faster, more manageable parts called shards. Each shard is a separate database instance and holds a portion of the total data. This allows the database to scale out across multiple machines, distributing the load and improving performance for very large datasets.","Hard","Google"
"Backend Engineer","What is idempotency in the context of an API?","An idempotent API operation is one that can be called multiple times with the same input parameters and produce the same result, without any unintended side effects. For example, a `DELETE /resource/123` call is idempotent because calling it once deletes the resource, and subsequent calls will still result in the resource being deleted (or not found), which is the same state. This is important for building reliable systems that can retry failed requests safely.","Medium","Stripe"
"Backend Engineer","What is a Content Delivery Network (CDN)?","A CDN is a geographically distributed network of proxy servers and their data centers. The goal is to provide high availability and performance by distributing the service spatially relative to end-users. A CDN caches content like images, videos, and CSS files in locations closer to the users, reducing latency and load on the origin server.","Easy","Netflix"
"Backend Engineer","Explain the concept of a message queue.","A message queue is a form of asynchronous service-to-service communication used in serverless and microservices architectures. Messages are stored on the queue until they are processed and deleted. This decouples the producer and consumer of the message, allowing them to operate independently, which improves reliability and scalability. Examples include RabbitMQ, SQS, and Kafka.","Medium","Uber"
"Backend Engineer","How would you handle API versioning?","There are several common strategies for API versioning. You can include the version number in the URL path (e.g., `/api/v1/users`), as a query parameter (e.g., `/api/users?version=1`), or in a custom request header (e.g., `Accept: application/vnd.myapi.v1+json`). URL path versioning is the most common and explicit approach, making it easy for clients to understand which version they are using.","Medium","Shopify"
"Backend Engineer","What is the difference between stateless and stateful applications?","A stateless application does not save any client data on the server between requests; each request is treated as an independent transaction. A stateful application remembers client data (state) from one request to the next. Stateless architectures are generally easier to scale horizontally because any server can handle any request, simplifying load balancing.","Easy","Airbnb"
"Backend Engineer","What is a distributed transaction?","A distributed transaction is a transaction that updates data on two or more separate, networked computer systems (e.g., multiple databases or microservices). Ensuring ACID properties for distributed transactions is complex and typically requires a two-phase commit (2PC) protocol, which involves a coordinator managing the transaction across all participating systems. This complexity is a major reason to avoid distributed transactions when possible in microservices.","Hard","Amazon"
"Backend Engineer","Explain what a deadlock is and how to prevent it.","A deadlock is a situation where two or more transactions are waiting for each other to release locks, creating a circular dependency and causing all of them to be stuck indefinitely. Deadlocks can be prevented by acquiring locks in a consistent, predefined order, using timeouts for lock acquisition, or by employing deadlock detection algorithms within the database management system, which can then abort one of the deadlocked transactions.","Medium","Microsoft"
"Backend Engineer","What is a Bloom filter?","A Bloom filter is a space-efficient probabilistic data structure used to test whether an element is a member of a set. It can produce false positive matches (i.e., it might say an element is in the set when it's not) but it will never produce false negatives (if it says an element is not in the set, it is definitively not). This makes it useful for checking for the existence of an item before performing a more expensive operation, like a database query.","Hard","Google"
"Backend Engineer","What is the purpose of rate limiting in an API?","Rate limiting is used to control the number of requests a user or client can make to an API within a specific time frame. Its purposes are to prevent abuse or denial-of-service (DoS) attacks, ensure fair usage for all clients, and manage the load on the backend infrastructure to maintain service stability and availability.","Medium","Stripe"
"Backend Engineer","Describe the difference between normalization and denormalization in database design.","Normalization is the process of organizing columns and tables in a relational database to minimize data redundancy. It involves dividing larger tables into smaller, well-structured tables and defining relationships between them. Denormalization is the opposite process, where redundant data is intentionally added to one or more tables to optimize read performance by avoiding costly joins.","Medium","Spotify"
"Backend Engineer","What are some security concerns for a public-facing API?","Key security concerns include: lack of proper authentication and authorization (broken object level authorization), SQL injection, Cross-Site Scripting (XSS), insecure direct object references (IDOR), and lack of rate limiting which can lead to DoS attacks. It's crucial to validate all input, enforce strong authentication, use HTTPS, and implement robust authorization checks.","Hard","Meta"
"Backend Engineer","How does a garbage collector work in a language like Java or Python?","A garbage collector is a form of automatic memory management that attempts to reclaim memory occupied by objects that are no longer in use by the program. A common approach is 'mark-and-sweep', where the GC first marks all objects that are reachable from the program's root set (e.g., global variables, stack frames), and then sweeps through memory, freeing any unmarked (unreachable) objects.","Medium","Microsoft"
"Backend Engineer","Explain the concept of Infrastructure as Code (IaC).","Infrastructure as Code is the practice of managing and provisioning computing infrastructure (like networks, virtual machines, and load balancers) through machine-readable definition files, rather than physical hardware configuration or interactive configuration tools. Tools like Terraform or AWS CloudFormation allow you to define your infrastructure in code, which enables versioning, reusability, and automated, repeatable deployments.","Medium","Amazon"
"Backend Engineer","What is the single responsibility principle?","The Single Responsibility Principle (SRP) is one of the SOLID principles of object-oriented design. It states that a class or module should have one, and only one, reason to change, meaning it should have only one job or responsibility. Adhering to SRP makes code easier to understand, maintain, and test because components are focused and less coupled.","Easy","Shopify"
"Backend Engineer","What is a JWT (JSON Web Token)?","A JWT is a compact, URL-safe means of representing claims to be transferred between two parties. It consists of three parts: a header, a payload, and a signature. The signature ensures the token's authenticity and integrity, verifying that it was created by a trusted source and hasn't been tampered with. JWTs are commonly used for authentication and authorization in web applications.","Medium","Uber"
"Backend Engineer","How would you choose between a monolithic and a microservices architecture for a new project?","The choice depends on the project's complexity, team size, and scalability requirements. A monolith is simpler to develop, test, and deploy initially, making it suitable for smaller projects or MVPs. Microservices are better for large, complex applications that require high scalability and are being developed by multiple teams, but they come with significant operational overhead.","Hard","Airbnb"
"Backend Engineer","What is consistent hashing?","Consistent hashing is a hashing technique that works well in distributed systems where the number of servers (or cache nodes) can change. Unlike a standard hash table, adding or removing a node in a consistent hashing scheme only requires remapping a small fraction of the keys, minimizing disruption. This makes it ideal for use in distributed caches and load balancers.","Hard","Netflix"
"Backend Engineer","What is the difference between TCP and UDP?","TCP (Transmission Control Protocol) is a connection-oriented protocol that guarantees reliable, ordered delivery of data packets. It performs handshakes to establish a connection and includes mechanisms for error checking and retransmission. UDP (User Datagram Protocol) is a connectionless, lightweight protocol that offers no guarantees of delivery, ordering, or error checking, but provides much lower latency, making it suitable for applications like video streaming or online gaming.","Easy","Spotify"
"Backend Engineer","How do you secure sensitive data like passwords in a database?","Passwords should never be stored in plaintext. They must be hashed using a strong, one-way, and slow hashing algorithm like Argon2, scrypt, or bcrypt. A unique 'salt' (a random string) should be generated for each user and combined with their password before hashing to protect against rainbow table attacks.","Medium","Meta"
"Backend Engineer","What is a circuit breaker pattern?","The circuit breaker pattern is a design pattern used in modern software development to detect failures and prevent a failure from constantly recurring. It wraps a protected function call in a circuit breaker object, which monitors for failures. Once the failures reach a certain threshold, the circuit breaker 'trips', and all further calls to the circuit breaker return with an error immediately, without the protected function call being made at all. This prevents a failing service from being overwhelmed with requests.","Hard","Netflix"
"Backend Engineer","Explain how you might implement a distributed caching system.","A distributed cache is spread across multiple servers, often using a consistent hashing algorithm to map keys to specific cache nodes. Popular implementations like Redis Cluster or Memcached handle the distribution of data. The application clients interact with the cache through a client library that understands the hashing scheme and can route requests to the correct node.","Hard","Amazon"
"Backend Engineer","What is the difference between latency and throughput?","Latency is the time it takes for a single data packet to travel from one point to another; it's a measure of delay. Throughput is the amount of data that can be transferred over a given period; it's a measure of capacity. You can have high throughput but also high latency, for example, a large truck carrying many hard drives across the country.","Easy","Google"
"Backend Engineer","When would you use a relational database vs. a document database?","Use a relational database (like PostgreSQL or MySQL) when your data is structured, has clear relationships, and you require strong consistency and ACID compliance, such as for financial or e-commerce applications. Use a document database (like MongoDB) when you have semi-structured or unstructured data, need a flexible schema, and want to scale horizontally easily, such as for content management systems or user profiles.","Medium","Shopify"

"Backend Engineer","Explain what gRPC is and why you might use it over REST.","gRPC is a high-performance, open-source universal RPC framework developed by Google. It uses Protocol Buffers (Protobufs) as its interface definition language and HTTP/2 for transport, which enables features like bidirectional streaming and multiplexing. You might choose gRPC over REST for internal microservice communication where performance is critical and a strongly-typed contract is beneficial, as it's generally faster and more efficient due to its binary serialization format.","Hard","Google"
"Backend Engineer","What is a sidecar pattern in the context of microservices?","The sidecar pattern involves deploying a helper container alongside the main application container in a pod or container group. This sidecar container handles cross-cutting concerns like logging, monitoring, configuration, or network communication (e.g., a service mesh proxy like Envoy). This decouples common features from the application logic, allowing them to be managed and updated independently.","Hard","Uber"
"Backend Engineer","How would you design a system to count the number of views on a popular video?","A simple `UPDATE views = views + 1` query would create a database hotspot and lock contention. A better approach is to use an in-memory counter (like Redis INCR) to handle the high write volume. These counts can then be periodically flushed to a persistent database in batches for long-term storage, trading real-time accuracy for scalability and performance.","Medium","Netflix"
"Backend Engineer","What is a memory leak and how would you debug one in a long-running service?","A memory leak is a type of resource leak that occurs when a computer program incorrectly manages memory allocations in a way that memory which is no longer needed is not released. To debug it, you would use profiling tools (like `pprof` in Go or VisualVM for Java) to take memory snapshots over time. By comparing snapshots, you can identify objects that are accumulating in memory but should have been garbage collected.","Hard","Microsoft"

"Backend Engineer","What is the difference between `DELETE`, `TRUNCATE`, and `DROP` in SQL?","`DROP` removes the entire table, including its structure, permissions, and indexes; it cannot be rolled back. `TRUNCATE` removes all rows from a table but keeps the table structure; it's faster than DELETE and usually cannot be rolled back. `DELETE` removes rows one by one based on a `WHERE` clause (or all rows if no clause is provided) and can be rolled back because it logs each deletion.","Easy","Stripe"
"Backend Engineer","What are the main components of a CI/CD pipeline?","A typical CI/CD pipeline consists of several stages. 'Build' compiles the code. 'Test' runs automated tests (unit, integration). 'Release' packages the application into an artifact (like a Docker image). 'Deploy' pushes the artifact to an environment (like staging or production). 'Validate' performs post-deployment checks to ensure the application is working correctly.","Medium","Shopify"
"Backend Engineer","Explain the concept of 'blue-green deployment'.","Blue-green deployment is a release strategy that reduces downtime and risk by running two identical production environments called Blue and Green. At any time, only one of the environments is live, serving all production traffic (e.g., Blue). To release a new version, you deploy it to the idle environment (Green), test it thoroughly, and then switch the router to direct all traffic from Blue to Green. This allows for instant rollback if an issue is found.","Medium","Netflix"
"Backend Engineer","What is a race condition? Give an example.","A race condition occurs when the behavior of a system depends on the sequence or timing of uncontrollable events, such as the scheduling of threads. A classic example is two threads trying to increment a shared counter without proper locking: Thread A reads the value (e.g., 5), Thread B reads the value (also 5), Thread A increments it and writes back 6, then Thread B increments its local copy and also writes back 6. The correct result should have been 7.","Medium","Meta"
"Backend Engineer","Why is it generally a bad idea to store file blobs directly in a relational database?","Storing large binary objects (blobs) like images or videos directly in a relational database can severely bloat the database size, making backups and restores slow and expensive. It also increases memory usage and can degrade query performance. It's generally better to store the files in a dedicated object storage service like Amazon S3 or Google Cloud Storage and store only the reference (URL or key) to the file in the database.","Medium","Airbnb"
"Backend Engineer","What is polymorphism in object-oriented programming?","Polymorphism, meaning 'many forms', is a principle that allows objects of different classes to be treated as objects of a common superclass. It enables you to define one interface and have multiple implementations. For example, you could have a `Shape` class with a `draw()` method, and subclasses like `Circle` and `Square` can each implement `draw()` in their own way.","Easy","Microsoft"
"Backend Engineer","How would you secure a service-to-service communication channel within a private network?","Even within a private network, service-to-service communication should be secured. This can be achieved using mutual TLS (mTLS), where both the client and server present and validate certificates to authenticate each other. A service mesh like Istio or Linkerd can automate the provisioning and rotation of these certificates and enforce mTLS policies across the cluster.","Hard","Uber"
"Backend Engineer","What is the purpose of a `finally` block in a `try-catch` statement?","The `finally` block is used to execute code regardless of whether an exception was thrown or caught in the `try-catch` block. This makes it the ideal place to put cleanup code, such as closing file handles, releasing network sockets, or closing database connections, ensuring that these critical resources are always properly released.","Easy","Spotify"
"Backend Engineer","Explain what an ORM (Object-Relational Mapping) is.","An ORM is a programming technique for converting data between incompatible type systems using object-oriented programming languages. It acts as a layer between the application and the database, allowing developers to interact with database records as if they were regular objects in their programming language, abstracting away the need to write raw SQL queries. Examples include Hibernate for Java, SQLAlchemy for Python, and TypeORM for TypeScript.","Easy","Shopify"
"Backend Engineer","What's the difference between `PUT` and `PATCH` HTTP methods?","Both `PUT` and `PATCH` are used to update a resource. The key difference is that `PUT` is used for a full replacement of the resource; the client sends the complete representation of the updated resource. `PATCH` is used for a partial update; the client sends only the changes that need to be made to the resource, which can be more efficient.","Medium","Stripe"
"Backend Engineer","How can you handle failures in a distributed system?","Handling failures involves strategies like redundancy (having multiple copies of services and data), timeouts and retries (with exponential backoff) for transient network issues, using circuit breakers to prevent cascading failures, and designing for graceful degradation where non-critical features are disabled during partial outages. Asynchronous communication with message queues also helps build resilience by decoupling components.","Hard","Amazon"
"Backend Engineer","What is Cross-Origin Resource Sharing (CORS)?","CORS is a browser security feature that restricts cross-origin HTTP requests initiated from scripts. It uses additional HTTP headers to tell a browser to let a web application running at one origin (domain) have permission to access selected resources from a server at a different origin. A server must explicitly allow these requests by including headers like `Access-Control-Allow-Origin`.","Medium","Meta"
"Backend Engineer","What's the difference between `INNER JOIN` and `LEFT JOIN`?","An `INNER JOIN` returns only the rows where the join condition is met in both tables, effectively finding the intersection of the two tables. A `LEFT JOIN` (or `LEFT OUTER JOIN`) returns all rows from the left table, along with the matched rows from theright table. If there is no match in the right table for a row in the left table, the result is `NULL` on the right side.","Easy","Microsoft"
"Backend Engineer","What is Serverless computing?","Serverless computing is a cloud execution model where the cloud provider dynamically manages the allocation and provisioning of servers. You write application code in the form of functions (like AWS Lambda or Google Cloud Functions) and the provider runs them in response to events, automatically scaling them as needed. This abstracts away the infrastructure management, allowing developers to focus solely on their code.","Medium","Amazon"
"Backend Engineer","What is the primary key and foreign key in a database?","A primary key is a column (or set of columns) in a table that uniquely identifies each row in that table; it cannot contain NULL values. A foreign key is a column (or set of columns) in one table that refers to the primary key in another table. It's used to establish and enforce a link between the data in two tables.","Easy","Airbnb"
"Backend Engineer","What is Base64 encoding and when is it used?","Base64 is an encoding scheme that converts binary data into a text-based format so that it can be transmitted over channels that only support text. It represents binary data using only 64 printable ASCII characters. A common use case is embedding image data directly in a CSS file or transmitting binary data within a JSON payload.","Easy","Spotify"
"Backend Engineer","Explain what 'data replication' is in a database context.","Data replication is the process of creating and maintaining multiple copies of data on different database servers. This is done to improve data availability and fault tolerance (if one server fails, another can take over) and to improve read performance by distributing read queries across multiple replicas. Replication can be synchronous or asynchronous.","Medium","Netflix"
"Backend Engineer","What is a 'hash collision'?","A hash collision occurs when a hash function generates the same hash value for two different inputs. Since hash functions map a large input space to a smaller, fixed-size output space, collisions are inevitable. In data structures like hash tables, collisions are typically handled by techniques like 'chaining' (storing colliding items in a linked list at the same hash index) or 'open addressing' (probing for the next available slot).","Easy","Google"
"Backend Engineer","From a first-principles perspective, why do we need API gateways?","Fundamentally, as you decompose a system into more granular microservices, you create a complex network of endpoints. An API gateway acts as a single, unified entry point for all clients, simplifying the client-side interaction. It addresses cross-cutting concerns that would otherwise need to be implemented in every single microservice, such as authentication, rate limiting, logging, and routing, thus centralizing and standardizing these essential functions.","Hard","Uber"
"Backend Engineer","What is Conway's Law?","Conway's Law is an adage stating that organizations design systems that mirror their own communication structure. For example, if a company is split into a 'frontend team', 'backend team', and 'database team', the resulting system will likely have a monolithic frontend, a monolithic backend, and a single database. This is a crucial concept in system design, suggesting that to achieve a certain architecture (like microservices), you may need to first change the structure of your teams.","Hard","Spotify"
"Frontend Engineer","What is the difference between `let`, `const`, and `var` in JavaScript?","`var` is function-scoped and hoisted, meaning it's treated as if it were declared at the top of its containing function, which can lead to unexpected behavior. `let` and `const` are block-scoped (scoped to the nearest curly braces) and are not hoisted in the same way, leading to more predictable code. `const` is like `let` but the variable's value cannot be reassigned after initialization.","Easy","Meta"
"Frontend Engineer","Explain the CSS box model from first principles.","The CSS box model is a fundamental concept that describes how every HTML element is rendered as a rectangular box. This box is composed of four parts, layered from the inside out: the content itself (text, image), padding (the transparent space around the content), the border (a line around the padding), and the margin (the transparent space around the border that separates it from other elements). The total width and height of an element is the sum of its content, padding, and border sizes.","Easy","Shopify"
"Frontend Engineer","What is the browser's event loop and how does it work?","The event loop is a mechanism that allows JavaScript, which is single-threaded, to handle asynchronous operations without getting blocked. It continuously checks two queues: the task queue (for events like clicks, setTimeout) and the microtask queue (for promises, MutationObserver). When the main call stack is empty, the event loop processes all tasks in the microtask queue first, and then processes one task from the task queue, repeating this cycle.","Hard","Google"
"Frontend Engineer","What is the Virtual DOM and why is it faster than direct DOM manipulation?","The Virtual DOM (VDOM) is a programming concept where a virtual representation of a UI is kept in memory and synced with the 'real' DOM. When a component's state changes, a new VDOM tree is created. This new tree is then compared ('diffed') with the previous VDOM tree to identify the specific changes. Finally, only these minimal changes are batched together and applied to the real DOM, which is much more efficient than re-rendering large parts of the actual DOM, as DOM manipulation is a slow operation.","Medium","Netflix"
"Frontend Engineer","Differentiate between `null` and `undefined` in JavaScript.","`undefined` is a primitive value that typically means a variable has been declared but has not yet been assigned a value. `null` is also a primitive value, but it represents the intentional absence of any object value. It must be explicitly assigned by a developer to indicate that a variable has no value.","Easy","Amazon"
"Frontend Engineer","What are React Hooks?","Hooks are functions that let you 'hook into' React state and lifecycle features from function components. They allow youto use state and other React features without writing a class. The most common hooks are `useState` for adding state to a component and `useEffect` for performing side effects (like data fetching or subscriptions) after a component renders.","Easy","Airbnb"
"Frontend Engineer","Explain what 'prop drilling' is in React and how to avoid it.","Prop drilling is the process of passing down props from a parent component to a child component deep in the tree, through intermediate components that don't actually need the props themselves. This can make components less reusable and harder to maintain. It can be avoided by using state management libraries like Redux or Zustand, or by using React's built-in Context API to provide data to any component in the tree without passing it down manually.","Medium","Uber"
"Frontend Engineer","What is CSS specificity?","CSS Specificity is the set of rules browsers use to determine which CSS style declaration is the most specific and therefore should be applied to an element. The specificity is calculated based on the selectors used: inline styles have the highest specificity, followed by IDs, then classes/attributes/pseudo-classes, and finally element types/pseudo-elements. When two selectors have equal specificity, the one that appears last in the CSS wins.","Medium","Stripe"
"Frontend Engineer","What is a closure in JavaScript?","A closure is the combination of a function and the lexical environment within which that function was declared. This means a function has access to variables from its outer (enclosing) scope, even after the outer function has finished executing. Closures are fundamental to many patterns in JavaScript, including data privacy and callbacks.","Hard","Microsoft"
"Frontend Engineer","What's the difference between `==` and `===` in JavaScript?","The `==` operator performs a loose equality comparison, which means it will attempt to convert the operands to the same type before making the comparison (type coercion). The `===` operator performs a strict equality comparison, which means it will return `false` if the operands are of different types, without attempting any type conversion. It's generally recommended to use `===` to avoid unexpected behavior from type coercion.","Easy","Spotify"
"Frontend Engineer","Explain the purpose of the `useEffect` hook in React.","The `useEffect` hook lets you perform side effects in function components. Side effects are operations that can affect other components and can't be done during rendering, such as fetching data from an API, setting up a subscription, or manually changing the DOM. `useEffect` runs after every render by default, but you can control when it runs by passing a dependency array.","Medium","Netflix"
"Frontend Engineer","What is responsive web design?","Responsive web design is an approach to web design that makes web pages render well on a variety of devices and window or screen sizes. It typically involves using flexible grids and layouts (like Flexbox or CSS Grid), images that scale, and CSS media queries to apply different styles based on the characteristics of the user's device, such as its width.","Easy","Shopify"
"Frontend Engineer","What are Promises in JavaScript?","A Promise is an object representing the eventual completion (or failure) of an asynchronous operation and its resulting value. It allows you to write asynchronous code that is easier to read and manage than traditional callback-based approaches, avoiding 'callback hell'. A Promise can be in one of three states: pending, fulfilled (resolved), or rejected.","Medium","Google"
"Frontend Engineer","What is the difference between Shadow DOM and Virtual DOM?","Virtual DOM is a JavaScript concept used by libraries like React to improve performance by minimizing direct DOM manipulation. Shadow DOM is a browser technology designed for encapsulation; it allows you to isolate a part of the DOM tree (including its styles and scripts) from the main document's DOM, preventing style conflicts. They are different concepts that solve different problems.","Hard","Meta"
"Frontend Engineer","How do you optimize a website's performance?","Key strategies include: minimizing HTTP requests by bundling CSS and JS files, compressing assets (images, scripts), using a CDN to serve content closer to users, lazy loading images and components that are not in the initial viewport, and optimizing the critical rendering path to display initial content as fast as possible. Code-splitting with tools like Webpack can also reduce the initial JavaScript payload.","Hard","Amazon"
"Frontend Engineer","What is `this` keyword in JavaScript?","The value of the `this` keyword depends on the context in which it is used. In the global scope, it refers to the global object (`window` in a browser). Inside a method of an object, it refers to the object itself. In an event handler, it can refer to the element that received the event. In arrow functions, `this` is lexically scoped, meaning it inherits the `this` value from its surrounding code.","Medium","Microsoft"
"Frontend Engineer","What is the role of a package manager like npm or yarn?","A package manager automates the process of installing, updating, configuring, and removing software packages (dependencies) for a project. It maintains a list of project dependencies in a manifest file (like `package.json`) and ensures that the correct versions of these packages are installed. This makes it easy to share projects and manage complex dependency trees.","Easy","Stripe"
"Frontend Engineer","Explain CSS Flexbox.","Flexbox is a one-dimensional layout model in CSS that offers an efficient way to lay out, align, and distribute space among items in a container, even when their size is unknown or dynamic. It allows items to 'flex' their sizes to fill available space or shrink to prevent overflow. Key properties include `display: flex`, `flex-direction`, `justify-content`, and `align-items`.","Medium","Airbnb"
"Frontend Engineer","What is the difference between `localStorage` and `sessionStorage`?","Both `localStorage` and `sessionStorage` are browser APIs for storing key-value pairs. The key difference is persistence: data in `localStorage` persists even after the browser is closed and reopened, and is shared across all tabs and windows from the same origin. Data in `sessionStorage` is only available for the duration of the page session; it is cleared when the tab or window is closed.","Easy","Uber"

"Frontend Engineer","What is tree shaking?","Tree shaking is a term commonly used in the context of JavaScript bundlers like Webpack or Rollup. It's a dead code elimination process where unused exports are removed from the final bundle file. This helps to significantly reduce the size of the application, leading to faster load times.","Medium","Shopify"
"Frontend Engineer","Describe the `async` and `await` keywords in JavaScript.","`async` and `await` are syntactic sugar built on top of Promises, making asynchronous code look and behave more like synchronous code, which makes it easier to read and write. An `async` function always returns a Promise. The `await` keyword can only be used inside an `async` function and it pauses the execution of the function until the awaited Promise is resolved or rejected.","Medium","Google"
"Frontend Engineer","What is the Same-Origin Policy?","The Same-Origin Policy is a critical security mechanism in web browsers that restricts how a document or script loaded from one origin can interact with a resource from another origin. An origin is defined by the combination of protocol, hostname, and port number. This policy prevents malicious scripts on one page from obtaining sensitive data from another web page through DOM manipulation.","Medium","Meta"
"Frontend Engineer","How would you handle state management in a large-scale React application?","For a large-scale application, while React's Context API can be used, it may lead to performance issues if the context value changes frequently. A dedicated state management library like Redux or Zustand is often a better choice. Redux provides a single, predictable state container and a strict unidirectional data flow, which makes debugging easier. Zustand offers a simpler, hook-based API that is less boilerplate-heavy.","Hard","Netflix"
"Frontend Engineer","What are CSS preprocessors and why would you use one?","CSS preprocessors like Sass or Less are scripting languages that extend the default capabilities of CSS. They allow you to use features that don't exist in plain CSS, such as variables, nesting, mixins, and functions. This makes the CSS more maintainable, organized, and reusable, especially in large projects. The preprocessed code is then compiled into standard CSS that browsers can understand.","Medium","Spotify"
"Frontend Engineer","Explain event delegation in JavaScript.","Event delegation is a technique that involves attaching a single event listener to a parent element instead of attaching listeners to multiple child elements. This listener analyzes bubbled events to find a match on the child elements. This approach is more memory-efficient and simplifies code, especially for dynamically added or removed elements, as you don't need to add/remove individual listeners.","Medium","Amazon"
"Frontend Engineer","What is the Critical Rendering Path?","The Critical Rendering Path is the sequence of steps the browser goes through to convert the HTML, CSS, and JavaScript into pixels on the screen. Optimizing this path is key to improving perceived performance. The steps include constructing the DOM and CSSOM trees, combining them into a render tree, calculating the layout (geometry) of each visible element, and finally painting the pixels to the screen.","Hard","Google"
"Frontend Engineer","What is the purpose of the `key` prop in React lists?","The `key` prop is a special string attribute you need to include when creating lists of elements in React. Keys help React identify which items have changed, are added, or are removed. They should be stable, predictable, and unique for each item in the list, allowing React to efficiently update the UI by matching elements between the old and new VDOM trees.","Easy","Airbnb"
"Frontend Engineer","What is memoization in the context of React?","Memoization is an optimization technique used to speed up computer programs by storing the results of expensive function calls and returning the cached result when the same inputs occur again. In React, this is achieved with `React.memo` for components and the `useMemo` and `useCallback` hooks for functions and values. This prevents unnecessary re-renders and re-calculations when the inputs (props or dependencies) haven't changed.","Hard","Netflix"
"Frontend Engineer","What are semantic HTML tags? Give some examples.","Semantic HTML tags are elements that clearly describe their meaning or purpose to both the browser and the developer. Using them improves accessibility and SEO. Examples include `<header>`, `<footer>`, `<nav>`, `<article>`, `<section>`, and `<main>`, as opposed to non-semantic tags like `<div>` and `<span>` which carry no meaning about their content.","Easy","Stripe"
"Frontend Engineer","What is CORS and why is it important?","CORS (Cross-Origin Resource Sharing) is a browser security feature that controls how web applications in one domain can request and interact with resources in another domain. By default, browsers block these cross-origin requests for security reasons (Same-Origin Policy). CORS allows servers to explicitly specify which other origins are permitted to access their resources, using special HTTP headers.","Medium","Uber"
"Frontend Engineer","How does CSS Grid Layout work?","CSS Grid is a two-dimensional layout system for the web, allowing you to create complex layouts with rows and columns. You define a grid container with `display: grid` and then specify the size and structure of the columns and rows with properties like `grid-template-columns` and `grid-template-rows`. Child elements can then be placed precisely onto this grid.","Medium","Shopify"
"Frontend Engineer","What is code splitting?","Code splitting is a feature supported by bundlers like Webpack that can create multiple bundles that can be dynamically loaded at runtime. Instead of one large JavaScript file that contains all the code for an application, you can split it into smaller chunks. This allows you to load code on demand, for example, only loading the code for a specific route when the user navigates to it, improving the initial load time of the application.","Medium","Microsoft"
"Frontend Engineer","What are Progressive Web Apps (PWAs)?","Progressive Web Apps are web applications that use modern web capabilities to deliver an app-like experience to users. Key features include the ability to work offline using service workers, being installable on the user's home screen via a web app manifest, and the ability to send push notifications. They aim to combine the best of both web and native applications.","Hard","Google"
"Frontend Engineer","From a first principles standpoint, why do we need state management libraries like Redux?","At its core, a user interface is a function of its state (`UI = f(state)`). In complex applications, this state can become scattered across many components, passed down as props, and updated from various places, making it difficult to track and reason about. State management libraries like Redux centralize the application's state into a single, predictable 'store'. This creates a single source of truth and enforces a unidirectional data flow, which makes the state changes predictable and easier to debug, solving the fundamental problem of managing complexity as an application grows.","Hard","Meta"
"Frontend Engineer","Explain the concept of 'hoisting' in JavaScript.","Hoisting is JavaScript's default behavior of moving all declarations to the top of the current scope (to the top of the current script or the current function) before code execution. This means you can use a variable or function before it has been declared. However, only the declarations are hoisted, not the initializations. For this reason, `var`-declared variables are hoisted with an initial value of `undefined`, while `let` and `const` are also hoisted but are not initialized, putting them in a 'temporal dead zone'.","Medium","Spotify"
"Frontend Engineer","What are service workers?","A service worker is a script that your browser runs in the background, separate from a web page, enabling features that don't need a web page or user interaction. Key features include intercepting and handling network requests, which allows for offline caching capabilities, and processing push notifications. They act as a programmable network proxy, giving you fine-grained control over network requests.","Hard","Amazon"
"Frontend Engineer","What is the `defer` attribute on a `<script>` tag?","The `defer` attribute is a boolean attribute that tells the browser to execute the script file after the HTML document has been fully parsed, but before the `DOMContentLoaded` event fires. Scripts with `defer` are downloaded asynchronously without blocking the HTML parsing and are executed in the order they appear in the document. This is useful for scripts that need the full DOM to be available.","Medium","Microsoft"
"Frontend Engineer","What is the difference between an attribute and a property in the DOM?","Attributes are defined by HTML and are found in the HTML source code (e.g., `id="my-input"`). Properties are part of the DOM object in JavaScript (e.g., `element.id`). While many attributes have a direct 1-to-1 mapping to a property, they are not the same thing. For example, the `value` attribute of an input reflects the initial value, while the `value` property reflects the current value.","Hard","Airbnb"
"Frontend Engineer","What is Accessibility (a11y) in web development?","Accessibility (often abbreviated as a11y) is the practice of making your websites usable by as many people as possible, including those with disabilities such as visual, auditory, motor, or cognitive impairments. This involves using semantic HTML, providing text alternatives for images (`alt` attributes), ensuring sufficient color contrast, and making sure the site is fully navigable using only a keyboard.","Medium","Google"
"Frontend Engineer","What is a pure component in React?","A pure component is a component that only re-renders if its props or state have changed. In class components, this can be achieved by extending `React.PureComponent`, which performs a shallow comparison of props and state. In function components, the same behavior can be achieved by wrapping the component in `React.memo()`.","Medium","Netflix"
"DevOps","What is a Docker container? How is it different from a virtual machine?","A Docker container is a lightweight, standalone, executable package of software that includes everything needed to run it: code, runtime, system tools, system libraries, and settings. Unlike a Virtual Machine (VM), which virtualizes the entire hardware stack including the operating system, a container virtualizes the operating system itself. This means containers are much smaller, faster to start, and share the host machine's OS kernel, making them more efficient.","Easy","Amazon"
"DevOps","What is Infrastructure as Code (IaC) and why is it important?","Infrastructure as Code is the practice of managing and provisioning IT infrastructure through machine-readable definition files, rather than physical hardware configuration or interactive configuration tools. Tools like Terraform, Ansible, or CloudFormation allow you to define infrastructure in code, which enables version control, automated and repeatable deployments, and reduces the risk of human error associated with manual configuration.","Medium","Google"
"DevOps","Explain the core components of Kubernetes.","Kubernetes has a master-node architecture. The master node's components (the Control Plane) include the `API Server` (the entry point for all REST commands), `etcd` (a consistent and highly-available key-value store for all cluster data), the `Scheduler` (which assigns pods to nodes), and the `Controller Manager` (which runs controller processes). Node components include the `Kubelet` (an agent that ensures containers are running in a pod) and the `Kube-proxy` (which maintains network rules on nodes).","Hard","Microsoft"
"DevOps","What is a CI/CD pipeline?","A CI/CD pipeline is an automated process for delivering software from development to production. CI (Continuous Integration) is the practice of frequently merging code changes into a central repository, after which automated builds and tests are run. CD (Continuous Delivery/Deployment) is the practice of automatically releasing the successfully tested code to a staging environment (Delivery) or directly to production (Deployment).","Easy","Shopify"
"DevOps","What is the purpose of a configuration management tool like Ansible, Puppet, or Chef?","Configuration management tools are used to automate the process of configuring and maintaining the state of servers and other infrastructure. They ensure that systems are in a desired, consistent state by defining configurations in code. This helps in managing complex environments at scale, enforcing consistency, and automating repetitive administrative tasks.","Medium","Uber"
"DevOps","Explain the difference between a container and an image in Docker.","A Docker image is an immutable template that contains the application code, libraries, and dependencies needed to run an application. A container is a runnable instance of an image. You can create multiple containers from the same image, each running as an isolated process.","Easy","Netflix"
"DevOps","What is monitoring vs. logging?","Logging is the practice of recording discrete events that have happened in the past, such as an error or a user request. Monitoring is the practice of collecting and analyzing metrics over time to observe the health and performance of a system in real-time. Logs are for debugging specific past events, while monitoring is for understanding trends and alerting on current problems.","Medium","Stripe"
"DevOps","How would you secure a Kubernetes cluster?","Securing a Kubernetes cluster is a multi-layered process. It includes securing the control plane with strong authentication, using Role-Based Access Control (RBAC) to enforce the principle of least privilege, defining Network Policies to control traffic between pods, using Pod Security Policies to restrict container capabilities, and regularly scanning container images for vulnerabilities.","Hard","Google"
"DevOps","What is a 'rolling update' deployment strategy?","A rolling update is a deployment strategy that slowly replaces instances of the previous version of an application with instances of the new version, without taking the entire application down. This is done by incrementally updating a subset of instances at a time. This approach ensures zero downtime but can have a mix of old and new versions running simultaneously for a short period.","Medium","Airbnb"

"DevOps","From first principles, explain how containerization works.","Fundamentally, containerization is a form of OS-level virtualization that leverages features of the host machine's Linux kernel to achieve isolation. It primarily uses two kernel features: 'namespaces' to isolate a process's view of the system (e.g., process IDs, network, filesystem mounts), making it appear as if it has its own OS; and 'control groups' (cgroups) to limit the amount of resources (CPU, memory) a process can use. This direct use of kernel features, rather than emulating hardware, is why containers are so lightweight and fast.","Hard","Amazon"
"DevOps","What is a service mesh, and what problems does it solve?","A service mesh is a dedicated infrastructure layer for handling service-to-service communication in a microservices architecture. It provides features like reliable delivery of requests, service discovery, load balancing, encryption (mTLS), observability, and tracing in a way that is decoupled from the application code. Tools like Istio or Linkerd typically implement this using a 'sidecar proxy' that runs alongside each service instance.","Hard","Uber"
"DevOps","What is GitOps?","GitOps is a way of implementing Continuous Delivery for cloud-native applications, where Git is the central source of truth. It works by having a Git repository that contains declarative descriptions of the desired production environment. An automated process (like a Kubernetes operator) then ensures that the production environment matches the state described in the repository. This provides a clear audit trail, simplifies rollbacks, and improves security.","Hard","Microsoft"
"DevOps","Explain the concept of 'cattle vs. pets' in infrastructure management.","This is an analogy used to describe a shift in how servers are treated in modern cloud environments. 'Pets' are servers that are treated as indispensable and are manually nurtured back to health when they fail. 'Cattle' are servers that are designed for failure; when one fails, it is simply terminated and replaced by a new, identical one, typically through automation. This mindset is crucial for building scalable and resilient systems.","Medium","Netflix"
"DevOps","What is Terraform and what is its state file for?","Terraform is an open-source Infrastructure as Code tool by HashiCorp that allows you to define and provision infrastructure across various cloud providers using a declarative configuration language. The Terraform state file (`.tfstate`) is a crucial component that stores the state of the managed infrastructure. Terraform uses this file to map real-world resources to your configuration, keep track of metadata, and improve performance for large infrastructures.","Medium","Stripe"
"DevOps","What is the difference between declarative and imperative approaches to configuration?","An imperative approach specifies the exact steps to be executed to reach a desired configuration (e.g., 'run this command, then this command'). Scripting with Bash is an example. A declarative approach specifies the desired end state, and the underlying tool figures out how to achieve that state (e.g., 'I want 3 servers with this configuration'). Tools like Kubernetes and Terraform are declarative. Declarative approaches are generally more robust and easier to manage at scale.","Medium","Google"
"DevOps","How do you handle sensitive information like API keys or passwords in your CI/CD pipeline?","Sensitive information should never be hardcoded in configuration files or scripts. It should be managed using a secrets management tool like HashiCorp Vault, AWS Secrets Manager, or GCP Secret Manager. The CI/CD pipeline should be configured with permissions to securely retrieve these secrets at runtime when they are needed for a deployment, rather than storing them directly within the pipeline's configuration.","Hard","Shopify"
"DevOps","What is a Dockerfile?","A Dockerfile is a text document that contains all the commands a user could call on the command line to assemble a Docker image. It's a set of instructions for building the image, specifying the base image to use (`FROM`), commands to run (`RUN`), files to copy (`COPY`), and the default command to execute when a container is started (`CMD` or `ENTRYPOINT`).","Easy","Spotify"
"DevOps","What is chaos engineering?","Chaos engineering is the discipline of experimenting on a system in order to build confidence in the system's capability to withstand turbulent conditions in production. It involves proactively injecting failures—like terminating servers, injecting latency, or simulating network outages—in a controlled environment to identify weaknesses before they cause a real outage. Netflix's Chaos Monkey is a well-known example.","Hard","Netflix"
"DevOps","Explain the purpose of DNS (Domain Name System).","DNS is the phonebook of the Internet. Humans access information online through domain names, like google.com. Web browsers, however, interact through Internet Protocol (IP) addresses. DNS translates human-readable domain names into machine-readable IP addresses, allowing browsers to load Internet resources.","Easy","Meta"
"DevOps","What are the benefits of using a cloud provider like AWS, GCP, or Azure over on-premise infrastructure?","Cloud providers offer several benefits: scalability and elasticity (pay-as-you-go and scale up or down as needed), reduced capital expenditure (no need to buy and maintain physical hardware), global reach, and a wide range of managed services (databases, machine learning, etc.) that can accelerate development. The trade-off is often a higher operational expenditure and potential vendor lock-in.","Easy","Amazon"
"DevOps","What is a Helm chart in Kubernetes?","Helm is a package manager for Kubernetes. A Helm Chart is a collection of files that describe a related set of Kubernetes resources. It provides a way to package, configure, and deploy applications and services onto Kubernetes clusters, making it easy to manage the complexity of Kubernetes applications and share them with others.","Medium","Microsoft"
"DevOps","What are some key metrics to monitor for a web application?","Key metrics can be categorized by the 'four golden signals': Latency (the time it takes to service a request), Traffic (a measure of demand, like HTTP requests per second), Errors (the rate of requests that fail), and Saturation (how 'full' the service is, like CPU or memory utilization). Monitoring these signals provides a comprehensive view of the application's health.","Medium","Uber"
"DevOps","What is the difference between Continuous Delivery and Continuous Deployment?","Both are extensions of Continuous Integration. Continuous Delivery means that every code change that passes the automated tests is automatically released to a staging or pre-production environment, but a manual approval is required to push it to production. Continuous Deployment goes one step further by automatically deploying every passed change directly to production without any human intervention.","Medium","Shopify"
"DevOps","What is 'canary deployment'?","A canary deployment is a release strategy where the new version of an application is gradually rolled out to a small subset of users before making it available to everyone. This allows you to test the new version in a live production environment with real traffic while minimizing the impact of any potential issues. If the canary version performs well, the rollout is gradually expanded to the entire user base.","Medium","Netflix"
